species ,redlistCategory,ext.prob,PC1,PC2,PC3,PC4,PC5,PC6,PC7,PC8,PC9,PC10,PC11,PC12,PC13,PC14,PC15,PC16,PC17,PC18,PC19,PC20,PC21,PC22,PC23,PC24,PC25,PC26,PC27,PC28,PC29,PC30,PC31,PC32,PC33,PC34,PC35,PC36,PC37,PC38,PC39,PC40,PC41,PC42,PC43,PC44,PC45,PC46,PC47,PC48
Balaena_mysticetus_mask,Least Concern,0.060625,3.92E-05,-0.002865704,-0.001609436,-0.006641484,-0.003792052,-0.000423906,0.001737441,-0.003362828,-0.000551743,0.000550021,0.00189563,-0.001105093,0.001512942,0.000430647,-0.001127689,-0.001122495,-0.000119851,-2.54E-05,0.000378736,0.000231746,-0.000467048,0.000197696,-0.0014372,6.35E-05,-0.000398054,4.71E-05,0.000723894,8.23E-06,-0.000415387,-0.00014124,-0.000189972,-3.16E-05,6.18E-05,2.73E-05,0.000190894,0.000123712,-6.08E-05,2.31E-05,2.46E-06,-0.000122127,3.43E-05,3.63E-05,-3.70E-05,9.49E-06,-5.71E-05,9.34E-06,2.69E-05,-2.96E-05
Balaenoptera_acutorostrata_mask,Least Concern,0.060625,-0.003473537,-0.012109354,-0.002783876,0.003075991,-0.000556664,-0.001472174,-0.001848808,0.00020936,0.000517275,-0.001731152,-0.000598576,0.000626739,-0.000675057,0.000221912,0.00050144,0.000498963,0.000123311,-0.000437853,-0.00043822,-0.000640941,7.13E-06,0.000188812,-8.23E-05,-0.000103852,-0.00028797,5.35E-05,0.000274407,0.000478657,1.40E-05,-0.000249909,0.000328654,-4.78E-05,7.03E-05,0.000232262,0.00027942,-0.000159294,0.000107464,8.83E-05,4.58E-05,9.52E-06,0.000110803,4.54E-05,-9.83E-05,5.87E-05,-5.73E-05,1.63E-05,2.04E-05,7.79E-07
Balaenoptera_bonaerensis_mask,Critically Endangered,0.97,0.0026898,-0.006423664,0.002368622,-0.000232018,-0.003828376,-0.001716672,-0.000630115,0.001615952,-0.001063272,-0.001754851,-0.000835964,0.00092997,-0.000205629,0.000524894,-0.000162474,0.000341228,0.000306889,0.001172711,-0.000475994,4.92E-06,0.000263462,0.000169496,0.000195484,7.74E-05,0.000303963,0.000146068,-0.000235524,0.000102971,-8.43E-05,2.89E-05,2.38E-05,7.00E-05,-7.52E-05,0.000128834,5.19E-05,0.000123039,-6.95E-05,-0.0001131,-4.42E-05,-1.91E-05,-0.000103644,-9.28E-06,7.05E-05,2.38E-05,4.69E-05,3.43E-06,1.33E-05,-2.98E-05
Balaenoptera_borealis_mask,Endangered,0.485,-0.000524843,-0.009062379,0.003044959,0.001797588,-0.002382273,-0.001478888,-0.002516671,-0.000157614,-0.000887166,-0.002091366,0.000320878,0.00064279,-0.00030518,0.000659944,0.000155179,0.000595521,-0.000367779,0.000839961,-0.000477946,-0.000255638,5.09E-05,-0.000482889,-8.06E-05,3.61E-05,0.000126591,0.000348439,-3.42E-05,4.20E-05,-0.000187276,-0.000493867,-0.000236202,-6.05E-05,-9.84E-05,-0.000208588,1.26E-05,-0.0001631,-1.63E-05,9.80E-05,-2.00E-05,-4.27E-05,-3.87E-05,4.02E-05,-6.20E-06,2.35E-05,5.65E-05,-4.47E-06,-1.03E-05,5.70E-07
Balaenoptera_edeni_mask,Least Concern,0.060625,0.01395269,-0.003895897,-0.00203981,0.00426227,0.002029624,0.001481925,-0.00165884,0.002430316,-0.001047854,-0.00066674,0.000690578,0.001019256,-0.000169667,5.67E-05,0.000298695,-0.000969442,-0.000717991,-7.46E-05,-0.000361535,-0.000582674,0.000373049,-0.000360157,-0.0002788,0.000170412,-0.000615634,-0.000269159,0.00034235,-9.18E-05,-0.000194245,4.97E-05,-0.000132471,3.03E-05,-2.94E-05,7.19E-05,7.00E-05,-9.85E-05,2.45E-05,-2.03E-05,-4.60E-05,-7.68E-05,4.88E-05,-6.63E-05,2.87E-05,3.05E-05,-3.80E-05,-1.35E-05,-1.34E-06,-2.66E-05
Balaenoptera_musculus_mask,Near Threatened,0.12125,-0.012475628,-0.014235737,0.003917134,-8.50E-05,0.000993775,-0.00046588,-0.002429565,0.000388049,0.000652297,8.06E-05,3.06E-05,-0.000386539,-0.000545818,0.000281802,0.000803217,0.001639838,-0.000215726,-0.000953319,0.000311658,0.000126267,-0.000605677,-0.000233921,-0.000312381,-0.000795549,-0.000541785,0.000380806,0.00031836,-0.000988716,8.41E-05,0.000242703,-8.05E-05,6.10E-05,8.98E-05,0.000202669,-9.53E-05,-8.55E-05,-1.74E-05,-9.41E-05,0.000102572,-6.61E-05,1.45E-05,-0.00012021,-2.61E-05,-0.000106389,-5.90E-06,-2.99E-05,-1.44E-05,1.16E-05
Balaenoptera_physalus_mask,Endangered,0.485,-0.001491271,-0.010881633,0.004452192,0.00154977,-0.002236343,-0.001659309,-0.002522768,8.76E-05,-0.001642159,-0.0023534,6.08E-05,-0.000691333,-0.000249535,-0.000328097,3.57E-05,0.000404634,0.000560785,0.000490027,0.000589538,0.000131858,-0.000298181,-2.84E-05,7.68E-05,-0.000343092,0.000438499,-5.03E-05,-7.47E-05,-4.98E-06,-0.000141256,0.000119486,-6.50E-05,0.000205668,7.16E-05,-0.000377786,3.93E-05,0.000268713,2.42E-05,-0.000122252,-5.05E-05,8.53E-05,-3.78E-05,1.90E-05,-5.73E-06,5.30E-05,-7.74E-05,2.44E-05,8.19E-06,4.84E-06
Berardius_arnuxii_mask,Least Concern,0.060625,0.010186368,-0.001713376,-3.89E-05,0.001550239,0.001266402,0.001322188,-0.000337511,-0.000270567,0.0001267,0.000298169,-6.12E-05,-0.000101204,-2.46E-05,0.000171223,-0.0002006,-6.80E-05,-0.000588314,-0.000190354,3.80E-05,-0.000382822,2.07E-05,4.27E-05,3.67E-05,1.72E-05,-0.000148334,-9.11E-05,6.46E-05,-0.000327823,-5.28E-05,0.000178215,8.42E-05,-1.27E-05,-2.30E-05,-0.000260894,-0.000105206,-3.29E-05,0.000189925,-9.04E-05,1.35E-05,5.57E-05,-2.07E-05,2.28E-05,-1.78E-05,1.17E-05,-1.57E-05,5.78E-05,-4.67E-06,-9.72E-06
Berardius_bairdii_mask,Endangered,0.485,0.008662729,-0.003792469,-0.001109833,0.001941784,0.000957001,0.000162913,-0.000129931,8.82E-05,0.000277662,0.000838712,-0.000398502,5.30E-05,-0.00058389,2.57E-05,-0.000514166,-0.000692289,0.000328096,3.26E-05,8.81E-05,1.06E-05,6.86E-05,-0.000285264,8.60E-05,1.00E-04,3.89E-05,-0.000154903,-0.000124095,-0.000489828,-0.000352268,2.56E-05,-4.31E-05,-0.000149815,7.50E-06,0.000196109,-9.63E-05,-0.000137209,-0.000105254,2.50E-05,8.79E-05,9.45E-05,-4.74E-05,-4.38E-05,2.34E-05,3.13E-05,-1.46E-05,-1.92E-06,3.96E-05,3.99E-06
Caperea_marginata_mask,Vulnerable,0.2425,0.00279167,-0.006370127,0.000549317,0.001363288,-0.002306931,-0.00067053,-0.001254319,-0.001900972,-0.000786802,-0.002137184,0.000557017,0.000416472,-0.000500436,0.000500535,-0.000236064,-0.000250536,0.000341881,0.000903667,-1.80E-05,-4.62E-05,0.000397674,-0.000694463,0.000107508,0.000235009,-0.00019071,-0.000128776,0.000309699,0.000119235,-4.62E-05,4.99E-05,2.73E-06,0.000109698,2.76E-05,-0.000105056,-0.000139773,-0.000129596,0.000151511,2.08E-05,-4.71E-05,1.35E-05,0.000110352,7.52E-06,0.000158456,-5.92E-05,-1.04E-05,-1.37E-05,-5.42E-07,2.07E-05
Cephalorhynchus_commersonii_mask,Least Concern,0.060625,-0.001533454,0.004862963,0.000100574,-0.00116722,-0.002517116,0.001825842,-2.82E-05,-0.002262502,0.001229662,9.36E-05,0.000364017,-0.00017143,-0.00025318,-0.000240428,0.000135585,0.000773728,-0.000294626,-0.000146909,0.000481259,-0.000374165,-6.59E-05,5.80E-05,0.000286702,0.000202441,-0.000553651,0.000129635,2.05E-05,0.000410889,-0.000285935,-0.000110418,-0.000281449,0.00017158,-0.00015753,-5.85E-05,1.06E-05,0.000109811,-0.000127646,4.13E-05,-0.000129042,5.38E-05,-2.16E-05,-0.000153379,8.23E-06,-7.56E-06,2.09E-05,-5.91E-05,3.09E-05,2.87E-05
Cephalorhynchus_eutropia_mask,Near Threatened,0.12125,-0.001743729,0.006914021,0.003609168,-0.002767992,-0.002289828,0.001047437,0.00019254,-0.00112757,0.000538534,0.001016331,-0.000757569,-0.000450198,-0.000943186,5.16E-05,0.000530337,0.000139982,-9.28E-05,0.000532828,0.000425522,-0.000419971,-0.000604965,8.86E-05,0.000495763,-0.000362002,0.000104684,0.000164207,-0.000315934,-0.000109743,-0.000176622,-0.000103104,6.37E-06,0.000363772,3.33E-05,0.000158509,-7.75E-05,-0.000227132,-8.13E-05,-8.70E-05,7.94E-05,-5.12E-05,6.79E-05,4.10E-05,5.79E-06,5.30E-05,5.16E-05,-9.31E-05,8.71E-06,-2.89E-05
Cephalorhynchus_heavisidii_mask,Near Threatened,0.12125,-0.010568302,0.004903207,0.003001619,0.000366293,-0.000573493,0.000975583,0.002546652,-0.000636486,-0.000489201,0.001915703,-0.000661764,0.000551402,0.000875574,-0.001085582,0.000723353,-0.000470719,-0.00101366,0.000204232,-0.000435508,0.000185346,-0.000251054,-0.000496065,0.000612133,-0.000146477,0.000117886,-0.000108229,0.000543616,0.000101783,-4.09E-05,5.77E-05,-0.000183676,-8.78E-05,-0.000108235,-0.000391546,-4.00E-05,-0.00016464,0.000188236,-5.36E-05,0.000159883,0.000110186,-4.61E-05,-4.50E-05,0.000109305,1.60E-05,-1.76E-05,-4.48E-06,1.89E-05,-7.55E-07
Cephalorhynchus_hectori_mask,Endangered,0.485,-0.003922865,0.002843581,-0.00288215,0.002457718,-0.002698513,0.001599943,-0.001376832,-0.00237954,0.002725573,0.000272914,0.000720047,0.000647658,0.000771922,0.000615295,0.000801402,0.000761291,-0.000619882,-0.000207615,4.39E-05,-0.000341523,0.000293358,0.000427042,0.000626421,-0.000339766,2.74E-05,-0.000518439,-0.000152031,0.000421353,-9.79E-05,0.000202106,-3.44E-06,0.000141674,0.000107129,2.76E-05,-0.000150027,-0.00015773,-8.36E-05,4.87E-05,-0.000133766,0.000120016,2.71E-05,-5.09E-05,-0.000139046,3.05E-05,-4.63E-05,7.51E-05,1.72E-05,-2.66E-06
Delphinapterus_leucas_mask,Least Concern,0.060625,0.007489137,-0.010057558,-0.01514112,0.000314357,0.002176182,0.000153855,-0.001142826,0.000696688,-0.001012126,0.002100403,0.001941613,0.003201541,-0.000966924,-0.002430894,-0.000478926,-0.000613997,-5.69E-05,-0.000249372,0.000401984,-0.000557577,-0.00064885,-0.000212455,0.000357274,-0.000750538,0.000397432,8.17E-05,6.00E-05,0.000302137,-0.000155714,1.81E-05,6.30E-05,-2.85E-06,4.39E-05,-3.61E-05,-0.000137064,0.000194321,-8.04E-05,1.35E-06,-1.94E-05,1.51E-05,1.03E-05,2.36E-05,2.41E-05,-4.97E-05,1.37E-05,-1.23E-05,-1.13E-05,-6.61E-06
Delphinus_delphis_mask,Least Concern,0.060625,-0.002058781,0.007345919,0.005092631,-0.00301696,0.000319168,-0.003555452,-0.002315655,0.00136621,0.000637264,0.000204746,0.000688309,-0.000102781,-0.001728277,0.000202043,-0.001814854,-0.000486566,-0.000792031,0.000192475,-0.00030078,-0.001177099,0.000240109,0.000658829,-0.000264239,0.000104374,0.000618543,7.83E-05,0.000177007,-0.000207768,-0.000185937,0.000261657,0.000114431,4.93E-05,0.000270306,-1.97E-05,-0.000150304,-6.50E-05,-5.98E-05,9.51E-07,-7.93E-05,2.44E-05,-2.16E-05,3.05E-06,5.35E-05,-9.18E-06,3.55E-05,-1.77E-05,5.31E-06,-1.09E-05
Eschrichtius_robustus_mask,Least Concern,0.060625,0.004553118,-0.004201836,0.002807844,-0.004862783,-0.004143402,-0.000959767,0.00031294,-0.000147566,-0.001045713,0.000620315,0.00087042,-0.000341644,0.000944883,0.000137942,-0.001466403,0.000113881,0.000363551,0.000427319,-0.000388513,0.000766921,0.000332862,-0.000148084,0.000661477,-0.00097523,-0.000468975,-5.07E-05,5.38E-05,0.000224874,2.06E-05,0.000281024,0.000168965,-9.35E-05,0.000235599,0.000323127,-0.000105182,-3.75E-05,0.000253323,0.00017627,6.34E-05,6.34E-05,-0.000145229,-1.39E-05,-3.30E-05,-6.14E-06,1.20E-05,-3.38E-06,-5.27E-06,-5.20E-06
Eubalaena_australis_mask,Least Concern,0.060625,-0.000963207,-0.008130759,-0.007105461,-0.003274317,-0.003430156,0.000705034,-0.000941072,-0.001853209,-0.000284979,0.000680895,-0.000434357,-0.001204615,0.000456257,-6.42E-05,-0.001655991,0.000893206,-0.001218671,-6.22E-05,-0.000951409,0.001013772,-0.000268089,-0.000147408,6.21E-05,0.000164486,-1.88E-05,-0.000369816,-0.000685855,0.000100315,0.00035943,-0.000130862,0.000393733,5.76E-05,-0.000185621,0.000105008,0.000138087,7.14E-05,-3.69E-05,-0.000200957,4.39E-05,6.95E-05,4.89E-05,-2.55E-05,9.92E-05,5.61E-05,-5.45E-05,-3.29E-05,-2.11E-05,-2.57E-06
Eubalaena_glacialis_mask,Least Concern,0.060625,0.006098563,-0.005024914,-0.004797221,-0.007039493,-0.004770202,-0.001827818,0.001926868,0.001035683,-0.001882436,0.000706645,0.001372863,-0.000443012,-0.000242173,0.001054868,0.001501314,-0.00058255,0.000296713,-0.001672465,-0.000200269,-0.000651669,0.000292522,5.05E-05,0.000684798,0.000522731,0.000356623,-5.30E-05,0.000162332,-0.00030477,0.00058577,-0.000437083,1.72E-05,0.000472562,-3.79E-05,-5.57E-05,-0.000166876,0.000133795,1.27E-05,-4.15E-05,9.75E-05,-8.91E-05,-1.06E-07,-7.04E-05,1.11E-05,3.46E-06,1.43E-05,1.65E-05,1.92E-05,-3.21E-06
Eubalaena_japonica_mask,Least Concern,0.060625,0.000474138,-0.003476006,0.000879051,-0.007414991,-0.005067658,-0.00079036,0.00110595,-0.001625176,-0.001403009,0.000103618,0.001266007,-0.001110574,0.001522985,9.40E-05,0.000104589,-0.000865195,0.00025908,-0.00085676,-0.000403664,-0.00040174,6.92E-05,0.000201171,-0.000127218,-0.000182934,0.00018333,0.000189394,-4.04E-05,-0.00013786,-0.000117658,0.000107396,9.89E-05,-0.000325994,3.64E-05,-0.000126341,-0.000180018,-0.000246515,-5.18E-05,3.04E-05,-0.000162143,8.91E-05,-1.01E-05,8.71E-05,-4.99E-05,-1.52E-05,5.58E-05,-1.31E-05,-1.81E-05,2.84E-05
Feresa_attenuata_mask,Near Threatened,0.12125,-0.005579715,0.004720406,0.000861742,-0.000548252,0.002254314,-0.004638385,-0.0006662,0.000967786,0.00083487,-0.000776625,-0.000407496,-0.00140774,-0.001069905,0.000649467,-0.001008474,-0.001527568,-0.001486565,0.000253219,0.000905866,0.000161652,0.000415814,-3.70E-05,3.74E-05,6.00E-05,0.000161985,1.12E-05,0.00051228,0.000503447,0.000555051,0.000111218,0.00012147,0.000267081,-8.78E-05,0.000138773,-0.000166971,2.45E-05,2.84E-05,6.90E-05,4.67E-05,6.46E-05,-5.39E-05,-2.12E-05,-5.30E-05,-1.33E-05,-0.000110415,-2.47E-05,-1.33E-05,1.31E-05
Globicephala_macrorhynchus_mask,Least Concern,0.060625,-0.010958492,-0.003154392,-0.003254635,0.000271798,0.006142992,-0.00186188,0.001103501,-0.003498725,-0.002195377,-0.000202913,-0.000524065,-3.62E-05,-0.000690078,0.000690172,-8.80E-05,0.000671985,-0.000116737,-0.000474545,2.75E-05,1.70E-05,0.000500686,-9.47E-05,0.000341451,-0.000246641,0.000129469,6.80E-05,0.000450333,1.45E-05,7.34E-05,0.000187106,-0.000391709,-6.57E-05,-0.000125887,-3.07E-05,2.81E-05,0.000194876,4.05E-06,0.000185665,-5.70E-05,3.05E-06,8.58E-05,2.78E-05,-2.12E-05,0.000150793,5.67E-05,-3.04E-05,-1.46E-05,-1.84E-05
Globicephala_melas_mask,Least Concern,0.060625,-0.016286738,-0.003241794,0.00161227,-0.000746096,0.006132466,-0.002652593,0.00184939,-0.001522552,-0.002261997,1.73E-05,0.000403585,6.46E-05,-0.001532838,0.000776984,-0.000513178,0.000222006,-0.000198349,-0.001383958,-0.000477035,0.000315417,-0.000412239,0.000282377,-0.000433877,0.000420158,-7.12E-05,1.97E-05,-0.000762101,0.000374462,-0.000162519,1.62E-05,-0.000487615,-1.34E-05,8.10E-05,0.000110857,-0.000154332,-0.000127144,0.000168491,-0.000116594,-5.89E-05,5.91E-05,-9.50E-05,-4.82E-05,6.73E-05,-3.59E-05,-1.83E-05,3.50E-05,1.50E-05,4.92E-07
Grampus_griseus_mask,Least Concern,0.060625,-0.011155771,0.001540654,-0.008985765,0.005918923,0.001349509,-0.00058335,0.002991684,0.001720754,0.001390459,-0.001801111,0.001757437,-0.002481152,0.000422475,0.000168981,-0.001164244,0.000762378,0.001006199,1.18E-05,-0.000663768,-0.000318973,-0.000135175,0.000237589,0.000703391,0.000180443,0.000293684,-0.000284896,-2.75E-05,-0.000344359,-0.00020919,-0.000110034,-0.000306056,-0.000217103,8.57E-05,0.000103753,0.000176466,9.64E-05,-4.75E-05,7.46E-05,0.000160442,2.78E-05,-1.95E-05,7.04E-05,4.50E-06,-3.19E-05,-6.17E-05,-4.13E-05,3.02E-05,3.49E-06
Hyperoodon_ampullatus_mask,Data Deficient,Data Deficient,5.39E-05,-0.000708907,0.004213734,0.001208385,-0.000305479,0.000776131,0.00148399,-0.002233232,7.36E-06,-0.001173224,-0.000786621,0.001441941,-0.000731768,-0.000584893,0.000289757,-0.000432798,0.001308845,-0.000125798,-0.00023403,-0.000327203,-0.000659161,0.000797776,0.000278445,0.00019978,-0.00011215,-3.45E-06,-4.66E-05,-0.000171916,0.000158828,0.000314454,0.000195406,2.71E-05,1.56E-05,0.000158135,-4.14E-05,9.70E-05,0.000206823,6.19E-05,-5.60E-05,-5.52E-05,-9.89E-06,-4.10E-06,1.45E-05,3.09E-05,1.06E-06,1.59E-05,2.35E-05,5.63E-06
Hyperoodon_planifrons_mask,Least Concern,0.060625,0.007503278,0.002050003,0.000812624,0.001042244,0.00058253,0.002428497,0.001386761,-0.001117458,0.000307635,-0.001398371,-0.000248274,-0.00038033,-0.000381249,-0.000645263,-0.000177791,0.00038459,0.000491317,-0.000353576,0.000392795,-0.000141638,-1.81E-05,-0.000272137,-0.000116376,0.000292594,-6.96E-05,0.00039832,2.58E-05,0.000104633,-0.000223407,1.36E-05,0.000480914,0.000136443,-0.000200776,1.73E-05,-0.000125978,-1.25E-05,-5.37E-05,4.11E-05,6.00E-05,2.77E-05,-0.000113662,-1.43E-05,7.65E-08,2.17E-05,-6.70E-05,-4.80E-05,1.39E-05,2.62E-06
Indopacetus_pacificus_mask,Data Deficient,Data Deficient,0.008698409,0.002888345,-0.00058675,0.002673093,0.000133855,0.002405428,0.000247589,0.000425106,-0.000274814,-0.0007986,0.000152785,-0.001410519,-0.000554937,-0.000859381,-0.000585624,0.00037427,0.000626223,-0.000667376,-7.73E-05,0.000597323,-0.000242029,-0.00014783,-0.000246401,0.00017894,0.000118318,0.000584204,0.000129314,0.000231481,-2.93E-05,-8.28E-05,0.000195452,0.000227476,-0.000127739,-0.000137974,6.55E-05,9.13E-05,-8.36E-05,0.000149589,-5.62E-05,1.06E-05,-0.000135435,-7.09E-06,-8.25E-06,-3.33E-05,1.49E-05,9.95E-06,-3.54E-05,-1.05E-05
Kogia_breviceps_mask,Data Deficient,Data Deficient,0.003645004,-0.004828147,-0.006272631,0.000775516,-0.001818206,-6.60E-05,-0.000927805,-0.000919671,0.000541032,-0.000224609,-5.57E-05,-0.000385463,-0.000452992,-0.00015329,-0.000981737,0.000825461,-0.00040031,-0.000333315,0.001122234,0.000222713,0.000305065,9.68E-05,0.000237761,0.000717059,-0.000204216,0.000277508,-0.0002115,0.000329916,-0.000119515,0.000206774,-6.58E-06,-1.93E-05,-0.00017051,-0.00019769,-0.000109133,-0.000226468,-3.78E-05,5.95E-05,8.28E-05,-0.000196339,1.34E-05,6.96E-05,-9.03E-06,-6.69E-05,9.18E-05,3.32E-05,5.51E-06,3.02E-05
Kogia_sima_mask,Least Concern,0.060625,0.01170205,0.006207393,-0.003468418,-0.006623924,0.001591989,0.000999191,0.001377568,0.002187561,-0.001885682,-0.000747849,-0.001253322,-0.000499738,-0.001230041,0.000666915,0.000532888,0.00065273,-0.00011964,0.000122093,-0.000162916,3.57E-05,-1.35E-05,-0.000661011,-0.00096791,-0.000311879,0.000384411,-0.000606025,-0.000331839,0.000348919,-0.00014813,9.00E-05,0.000142118,-0.000202493,-0.000197436,9.62E-05,-0.000182245,-9.66E-05,6.18E-05,0.000133109,0.000104798,2.61E-05,0.000150294,-4.07E-05,-0.000101723,3.56E-06,5.13E-05,-5.55E-05,1.15E-05,9.08E-06
Lagenodelphis_hosei_mask,Least Concern,0.060625,0.009434429,0.002720011,0.000855936,-0.003132858,0.003954473,-0.001260585,0.000783685,0.000390817,0.00028516,-0.000736804,-0.00200752,0.000725559,9.99E-05,0.0007674,-0.000671741,0.000206098,0.000960803,-0.000274318,0.000541591,0.001067865,0.000111515,-0.000446733,0.000380961,-6.53E-05,-8.55E-05,-0.000627204,0.000597083,-0.00019273,-0.000345198,-0.00054913,0.000175679,0.000167692,0.0001896,-4.66E-05,-3.38E-05,0.000179847,4.52E-05,-0.00019408,-7.32E-05,1.98E-05,-4.05E-05,2.07E-05,-9.07E-05,-2.65E-07,0.000128596,2.91E-05,1.26E-05,1.24E-05
Lagenorhynchus_acutus_mask,Least Concern,0.060625,-0.013211124,0.006674058,-0.001471707,0.004960627,0.002089128,0.000805143,0.00270699,0.000533279,-0.002572098,0.000698445,0.001850625,0.000410103,0.001371756,-0.001100325,-0.000806485,0.000943375,0.00060108,0.001473587,-0.000429947,-0.000349453,0.000722897,-0.0003015,-0.000594223,-3.35E-05,-0.000118969,0.000659828,-0.00022262,-5.11E-05,0.000354758,-0.000191002,0.00026641,5.86E-05,0.000285676,-9.17E-05,-0.000345636,-3.06E-06,5.70E-05,-0.000134354,-8.97E-05,-9.63E-05,8.24E-05,-8.68E-05,-7.94E-05,3.43E-05,-1.44E-05,2.01E-06,1.62E-05,9.06E-06
Lagenorhynchus_albirostris_mask,Least Concern,0.060625,-0.008093995,0.01349831,-0.000460407,0.000602771,-0.00184466,0.001557886,-0.002987416,-0.000428344,7.42E-05,-0.000717387,0.00221027,0.000435252,-0.000833564,0.000521576,6.80E-06,-0.000201522,0.000268893,-0.000737664,0.000672674,0.000297128,-0.000288428,-0.000289549,-2.52E-05,0.000336728,0.000276374,0.000742625,0.000135194,0.000185543,5.83E-05,0.000394204,1.53E-05,-0.000292188,2.89E-05,0.000280068,0.000150485,0.000111648,9.65E-05,-0.000219149,0.000111949,4.14E-05,-4.90E-07,8.28E-06,-3.56E-05,6.82E-05,7.24E-05,2.84E-05,-1.59E-05,-4.94E-06
Lagenorhynchus_australis_mask,Least Concern,0.060625,-0.005179857,0.004859076,-0.002424911,9.42E-05,-0.000804672,-0.001098286,-0.001250282,-0.000746762,0.000155731,0.000341642,-0.000824119,-0.001580615,-0.001045217,-0.000861939,0.000633598,-0.000698507,0.000136902,0.000401143,-1.30E-05,0.000357237,-0.000524004,0.000735136,0.000114426,-0.000444968,5.00E-05,-2.94E-05,-0.000111183,0.000137142,-0.000367249,1.52E-05,0.000131005,-5.69E-05,5.60E-05,-0.000160346,7.13E-05,0.000218718,6.54E-05,-5.90E-05,-7.20E-05,-0.000125468,3.93E-05,-5.74E-05,-1.52E-05,1.82E-05,2.32E-06,-4.56E-05,-3.52E-06,1.40E-05
Lagenorhynchus_cruciger_mask,Least Concern,0.060625,-0.01128074,0.007918705,-0.003797829,0.00474961,-0.000691323,0.000338434,0.001671489,0.000468291,0.000393228,-0.001385347,0.000652053,0.001564144,-0.000392762,0.00243114,-0.000417991,-0.001408509,-0.000261315,-0.000559822,0.000881684,0.000331913,0.000373467,-0.000338955,8.14E-05,-0.000801207,-0.000472152,0.000415285,-0.00069744,-0.000220461,0.000156035,-0.000385098,0.000203587,-3.02E-05,0.000212378,-0.000167927,0.00019176,-5.40E-05,-0.0001128,4.27E-05,-3.25E-05,0.000103067,3.36E-05,4.70E-05,7.17E-05,-5.13E-05,1.53E-05,-1.36E-05,1.23E-05,-6.61E-06
Lagenorhynchus_obliquidens_mask,Least Concern,0.060625,-0.013086479,0.006402081,-0.001201376,0.004461853,-0.003303801,0.000819494,0.001133027,0.001518428,-2.41E-05,-0.000957481,0.000548159,0.002183714,0.000388331,0.001328176,0.000100615,-0.000796549,-0.00018081,0.000100543,-0.000452475,0.000504554,-0.001101034,-0.000105414,-0.000267251,9.76E-05,-0.000196182,-0.000562276,-0.000289536,-0.00011184,-0.000301973,0.000312181,5.77E-05,0.000228979,-1.26E-05,-0.000166445,-0.000278375,4.26E-05,-9.96E-05,0.000102058,0.000143906,-0.000118962,-2.28E-05,-4.29E-05,-3.05E-05,8.79E-05,2.75E-05,4.08E-05,-2.86E-05,-2.29E-06
Lagenorhynchus_obscurus_mask,Least Concern,0.060625,-0.006087242,0.002863862,-0.004121578,0.002778029,-0.00184185,-0.002111212,0.000653434,0.002428238,0.002022718,0.000545021,2.98E-05,-0.001205585,0.000554681,0.000257278,-0.000431125,-9.17E-05,-0.000429544,6.55E-05,-0.000537672,-2.03E-06,0.000702473,0.000137502,-8.47E-06,0.000102448,0.000236984,0.000267645,9.88E-05,-0.000413514,-0.000446155,0.000201641,-4.42E-06,0.000321009,-0.000203852,-0.000187065,0.000189759,7.64E-05,0.000346934,-3.47E-05,6.64E-05,1.03E-05,9.47E-05,-7.66E-05,-6.87E-05,-4.71E-05,5.17E-05,-2.02E-05,-2.07E-05,-8.56E-07
Lissodelphis_borealis_mask,Least Concern,0.060625,0.010204648,-0.003896129,0.002912662,0.001787201,0.002960739,-0.000471189,-0.001368262,0.000433363,0.001363857,-0.000921174,0.000877451,-0.001361988,0.002302827,-0.000100033,-8.27E-06,-0.000773868,-0.000644236,5.82E-05,0.000304352,-0.000550435,0.000230694,0.00010151,0.000127362,-0.00023572,-0.000420525,-0.000280388,-0.000362332,0.0001315,9.99E-05,0.000222753,-0.000272135,-4.61E-08,3.02E-05,3.60E-05,4.48E-05,6.13E-05,-9.21E-05,-8.96E-05,5.16E-05,-0.000145529,-4.86E-05,-4.57E-05,7.91E-05,0.000118412,6.93E-05,-3.13E-05,-8.00E-06,2.36E-05
Lissodelphis_peronii_mask,Least Concern,0.060625,-0.002404193,-0.00755122,0.005609035,0.001218811,0.003044197,-0.003237199,-9.46E-05,-0.000926279,0.002219948,0.001143766,0.000807153,0.000898835,0.000935996,0.000318956,-0.000173796,-0.000302619,0.000112566,-5.22E-05,0.000239553,-0.000521402,-0.000135963,-0.000268078,-0.00033858,0.000338667,-7.36E-05,-0.000373353,-0.000310585,0.000272436,1.64E-05,-0.000374853,0.000371458,-0.000160394,2.48E-05,9.85E-05,-0.000106992,0.000273068,-2.28E-05,-9.58E-06,0.000107388,-3.15E-05,-4.58E-05,-0.000104985,-3.02E-05,-1.78E-05,-1.69E-06,1.68E-05,-1.72E-05,4.26E-06
Megaptera_novaeangliae_mask,Least Concern,0.060625,-0.030086507,-0.014234862,0.001698481,-0.012297954,0.004700971,0.010813164,-0.00092215,0.002630453,0.001865494,-0.000254733,0.000747147,-0.000311862,-0.00077716,0.000113224,3.94E-05,-0.001074579,0.000382059,0.000774659,-0.000135139,0.000246725,0.000530229,0.000189087,0.000212076,0.000257885,2.43E-07,-8.24E-06,-8.47E-06,9.74E-05,4.26E-06,-2.78E-07,4.45E-05,5.49E-05,2.76E-05,-0.000112355,1.55E-05,7.99E-06,-2.28E-05,3.26E-05,-3.50E-06,-8.88E-06,-4.50E-06,1.94E-05,-1.78E-05,5.88E-06,8.97E-06,5.26E-06,1.78E-07,-1.81E-06
Mesoplodon_bidens_mask,Data Deficient,Data Deficient,0.008868347,-0.000417072,0.001012976,0.001577733,0.000761732,0.000906067,7.07E-05,-0.000202649,0.00052351,0.000462834,-6.66E-05,-0.000107598,-0.000317778,-1.26E-05,-0.00052294,0.00012432,0.000517513,-3.54E-05,0.000644388,-0.000151854,0.00031771,-9.35E-06,-5.20E-05,-0.000165887,-0.000334912,-0.00031389,7.62E-05,0.000244945,0.000278171,0.000155755,-6.70E-05,3.74E-06,2.04E-05,-7.72E-05,-5.33E-05,1.36E-05,0.000162997,-9.77E-05,-3.15E-06,-9.68E-05,-2.30E-05,8.16E-05,3.09E-05,-1.15E-05,-4.74E-06,-2.82E-05,1.83E-06,-8.63E-06
Mesoplodon_bowdoini_mask,Least Concern,0.060625,0.00820714,0.001089963,0.00037976,0.000698876,-0.000189466,0.002144637,0.00070031,-0.001281322,0.00033708,-0.000270671,-0.000979184,0.000198289,-8.58E-05,0.00023332,-4.89E-05,-0.000182631,9.64E-05,7.95E-05,-0.00024265,-0.000191685,6.58E-05,0.00030093,-0.000212754,3.89E-05,0.000173024,5.43E-05,-3.75E-06,-0.000231206,-9.13E-06,0.000149772,8.95E-05,2.69E-05,1.54E-05,0.000122562,-2.52E-05,1.58E-05,8.62E-05,-8.40E-05,-9.76E-06,8.00E-05,0.000142407,3.63E-06,2.04E-05,-1.01E-06,1.61E-05,4.25E-05,1.25E-05,9.40E-06
Mesoplodon_carlhubbsi_mask,Data Deficient,Data Deficient,0.00908238,-0.003586552,-0.005938799,0.002640963,-0.000583988,0.002036325,-0.001638004,0.001784087,-0.001946715,0.000663309,-0.001040182,0.00059724,0.00027202,-0.000158131,-0.000122923,-0.000580609,-0.000133529,7.84E-05,0.000111714,0.000179805,0.000240014,0.000907585,-0.00052922,0.000147952,-0.000112044,-6.20E-05,-9.96E-05,-0.000117182,0.000245254,0.000264595,2.69E-05,-7.19E-06,-0.00010519,6.35E-05,0.000349308,-5.01E-05,3.76E-05,1.61E-05,-1.05E-05,0.000124404,-2.30E-05,-9.46E-05,1.13E-06,-2.11E-05,8.34E-05,2.68E-05,1.61E-05,8.96E-06
Mesoplodon_densirostris_mask,Least Concern,0.060625,0.003440709,-0.002906641,0.001123694,0.002408438,-0.001556397,0.000856367,-0.00134638,-0.000355422,-0.001018426,-0.000240738,-0.001024473,0.000245539,0.000258018,0.000271728,4.80E-05,-4.49E-05,-0.000123523,0.000208652,0.000368288,0.000297623,7.57E-05,0.000928735,4.60E-05,0.000489236,0.000236183,-8.87E-05,-0.000337641,-0.000323432,0.000264953,-0.000174079,-7.00E-05,-0.000375522,1.75E-05,-3.81E-05,-0.000168379,7.32E-05,2.08E-05,0.000126021,-9.21E-05,-1.93E-05,-3.15E-05,-7.02E-05,-8.51E-05,-1.19E-05,1.87E-05,-6.07E-05,-1.03E-05,-2.06E-05
Mesoplodon_europaeus_mask,Least Concern,0.060625,0.008781767,-0.000865837,-0.001685568,0.002925773,0.00061906,0.001639053,-0.000759315,-7.95E-05,0.000260772,0.000647136,3.89E-05,-0.000192822,1.70E-05,-0.000443132,-0.000285514,-8.81E-05,-0.000162678,-4.81E-05,0.00026565,0.000394925,8.05E-05,-0.000152137,2.11E-05,0.000238825,-6.61E-05,-5.72E-06,0.0001928,-0.000304331,0.000106547,-7.89E-05,-0.000229727,-0.00010602,5.83E-06,0.000110083,-0.000200218,-0.000180013,3.92E-06,-2.12E-06,2.13E-05,6.43E-05,-0.000111647,0.00012074,3.93E-05,6.32E-05,4.52E-05,-2.05E-06,4.53E-06,-1.05E-05
Mesoplodon_gingkodens_mask,Endangered,0.485,0.007080974,0.002126296,0.001528397,0.001533866,0.000455373,0.00237766,0.000274893,-0.001187671,0.000774572,-0.000309658,-0.000337905,0.000244955,0.000293726,0.000151742,0.000224202,-4.08E-05,-0.00063081,-0.000240066,-0.000171351,-0.000213033,0.000228577,0.000134682,5.72E-06,-3.17E-05,-0.000147903,0.000179369,0.000133054,-0.000183092,0.000184905,-0.000229102,3.22E-05,1.93E-05,0.000145401,6.33E-05,-3.68E-05,0.000245542,-5.49E-05,2.67E-05,-0.000135124,0.000106382,7.14E-05,-5.35E-06,-5.01E-06,-2.05E-06,8.57E-06,-2.18E-05,-8.29E-06,6.70E-06
Mesoplodon_grayi_mask,Least Concern,0.060625,0.008927412,0.000433077,0.000666124,0.002651876,0.000766137,0.001718484,-0.00084615,0.000142198,0.000891079,0.000560137,0.000113754,-0.000688292,0.000483165,8.03E-05,-0.000241705,-0.000349032,0.000300216,-0.000458887,-0.00039491,2.42E-05,0.000347642,-0.00018265,-0.000255022,-7.02E-05,0.000213584,-0.00011525,3.16E-05,-0.000144651,0.000227268,-0.000102163,-0.000293789,-0.000235294,-0.000136993,-6.17E-05,-3.22E-05,-2.85E-05,-7.34E-05,-5.58E-05,6.97E-07,1.20E-05,-5.15E-05,-8.08E-05,-3.38E-05,4.10E-05,3.69E-06,-2.77E-05,-5.34E-06,5.86E-06
Mesoplodon_hectori_mask,Near Threatened,0.12125,0.009175407,0.000238514,-0.000252927,0.001449543,0.000467011,0.001483346,-0.000444255,8.08E-05,6.46E-05,0.00028481,-0.000761035,-0.000965936,5.80E-05,-0.000361257,-0.000128713,-9.52E-05,-0.000386919,5.87E-05,0.000225962,0.000438205,0.000416049,9.54E-05,-5.13E-05,-0.000353694,0.00025364,0.000174032,-0.000343529,-0.000163281,-1.18E-06,-5.05E-05,-0.000209813,0.000210808,-0.000215347,6.15E-05,-0.00018991,-0.000164571,-7.49E-05,-0.000166728,1.36E-05,-0.00014791,1.39E-05,0.000114166,-0.000101542,-1.11E-05,-0.00010529,6.05E-05,1.30E-05,-1.76E-05
Mesoplodon_layardii_mask,Data Deficient,Data Deficient,0.008580278,0.002612317,0.002693687,-0.00127929,-0.000357761,0.000719624,0.000990475,0.00031081,0.000439205,0.000546289,0.000707491,-0.000659704,-0.000529913,2.66E-05,-0.000350647,0.000652253,0.000756638,-0.000246221,-8.14E-05,-5.20E-06,-0.00019046,-0.000351566,0.000143339,-0.000189406,0.000291182,1.30E-05,0.00011515,0.000348834,0.000475312,-2.36E-05,-0.000201042,-5.18E-05,0.000299958,-0.000213879,0.000445305,-0.000259898,-6.87E-05,1.85E-05,-6.57E-05,-3.29E-05,6.04E-05,-0.000156689,8.71E-06,2.71E-05,2.32E-05,4.06E-05,-2.22E-05,-1.57E-05
Mesoplodon_mirus_mask,Least Concern,0.060625,0.006624481,-0.001728324,0.001018186,0.002129673,-0.000352721,-0.000181304,0.000469908,0.000411454,-0.00048126,0.000598508,-0.001174872,-0.00063246,-9.15E-05,-0.000396228,-0.000469276,-0.000795851,0.000963509,0.000285393,0.000420123,0.00064529,0.000132135,0.000299645,0.000105082,5.11E-05,-1.92E-05,1.35E-05,-1.76E-05,-8.74E-05,1.13E-06,0.000118112,-0.000104442,8.33E-05,0.000101529,6.96E-05,-1.83E-05,-3.59E-05,-0.000135107,-8.11E-05,-1.82E-05,3.92E-05,8.60E-05,-5.95E-05,-5.75E-06,-5.41E-05,-1.96E-05,-1.33E-05,7.21E-06,-6.95E-06
Mesoplodon_perrini_mask,Least Concern,0.060625,0.006124648,0.003497938,0.001096658,0.000275133,-0.000428438,0.003177071,0.001127377,-0.001606888,-0.000177177,-0.000310888,-0.000582579,0.000598939,-0.000471392,-0.000378173,0.000246988,0.000207551,-0.000189969,-0.000232592,-0.000211352,-0.000100248,4.26E-05,1.75E-05,-0.000222429,0.00024228,-0.000128263,6.20E-05,0.000113234,-9.86E-05,-9.95E-05,1.16E-06,5.94E-06,-0.000248069,4.99E-05,-0.0001208,-5.32E-05,0.000138998,4.48E-05,-6.21E-05,-5.71E-06,4.34E-05,-5.14E-06,7.71E-06,5.05E-05,-5.48E-06,-7.87E-05,-1.45E-05,-1.34E-05,1.93E-05
Mesoplodon_peruvianus_mask,Least Concern,0.060625,0.00725137,0.003401574,0.000936215,-0.000359241,0.000760124,0.002265688,0.000822697,-0.001431374,0.00106365,0.000374755,-0.000124048,-0.00110537,-0.000446216,-0.000157993,-0.000240654,0.000414352,-0.000256579,-3.61E-05,7.36E-05,6.22E-05,-6.95E-05,-0.000171694,-0.000209347,-0.000297199,0.000365648,9.16E-05,-9.27E-06,0.000331899,-0.000183581,-0.000216564,-0.000157033,0.000221437,0.000176534,0.000144906,7.44E-05,-4.94E-05,6.13E-05,-8.68E-05,2.58E-06,-4.46E-05,8.16E-05,-3.07E-05,8.10E-05,3.09E-05,1.35E-05,4.13E-05,2.01E-06,3.63E-06
Mesoplodon_stejnegeri_mask,Least Concern,0.060625,0.007492976,0.001947992,0.001499392,0.000996215,0.000235789,0.002473086,0.000384624,-0.001209655,0.000580264,6.91E-05,-0.000634775,0.00014231,-8.44E-05,2.20E-05,-2.77E-05,0.000234522,-0.000647004,-8.11E-05,-0.000201396,-0.000109169,3.98E-05,0.000300144,7.20E-05,-9.39E-05,4.98E-05,0.000156702,3.16E-05,-0.000341831,0.000109384,-0.000333595,-4.81E-05,-7.84E-05,0.000192633,3.53E-05,-0.000114704,7.26E-05,4.89E-06,6.36E-05,4.27E-05,7.16E-05,-3.59E-05,5.85E-05,-4.21E-06,2.55E-05,-1.20E-05,-2.88E-06,-2.72E-05,-1.88E-06
Mesoplodon_traversii_mask,Vulnerable,0.2425,0.011054232,0.003180716,0.003164984,-0.000582617,0.000712047,0.002712837,0.001793825,0.000676857,0.000941419,-0.001402532,-0.000837383,-0.000255136,0.000531323,0.000540454,-0.000238407,0.000324911,-0.00087814,-0.000317965,-0.000804572,-0.000735767,-5.80E-05,-8.97E-06,-2.11E-05,-0.000629858,-4.87E-05,0.000373487,-3.29E-06,0.000262481,5.78E-05,0.000134961,0.000113152,-0.000223534,-0.000282068,-0.000117323,-4.19E-06,0.000306368,5.16E-06,5.21E-05,0.000136515,-4.76E-05,-6.00E-05,9.56E-06,3.06E-05,-9.33E-05,4.50E-05,4.67E-05,2.66E-05,-1.13E-05
Monodon_monoceros_mask,Least Concern,0.060625,0.014458833,-0.000187194,0.007019602,0.001983551,0.003762143,0.001722346,-0.001494514,0.002782288,-0.001760471,0.002731421,0.002384358,0.000838606,0.00146838,0.002830672,-0.000356526,0.000644715,2.15E-05,0.000541476,6.20E-05,0.000173669,-0.001319305,0.000412735,0.000533777,0.00028385,0.000216788,0.00026523,0.000238266,0.000242411,2.87E-05,-5.86E-05,6.23E-05,5.88E-05,-0.000222262,-7.77E-06,9.04E-05,-2.24E-05,4.34E-05,-1.29E-05,-2.78E-05,4.05E-05,0.000104776,0.000103454,-2.75E-05,-1.67E-05,-4.98E-05,-3.84E-05,6.50E-06,2.26E-05
Neophocaena_phocaenoides_mask,Vulnerable,0.2425,-0.002960434,-0.007323415,0.002217361,-0.001439991,0.00096131,-0.002950304,0.001819461,-0.000900877,0.001871549,-0.000124666,-0.000856446,-0.000348699,0.000388785,-0.000731552,-0.000653832,-0.000644785,0.000495044,0.000614582,0.001051318,-0.000476706,-0.000865238,-0.000337247,-0.000457025,3.06E-05,0.000332271,-0.000245091,-0.000320512,-0.000342584,0.000343392,7.18E-05,5.14E-05,-9.21E-05,-0.00011099,-0.000280672,0.000135313,-0.000107487,-1.60E-05,4.24E-05,2.26E-05,0.000141282,0.000116278,1.72E-05,9.98E-06,-6.08E-06,2.30E-05,1.98E-05,5.09E-06,2.03E-06
Orcaella_brevirostris_mask,Endangered,0.485,-0.006073143,-0.004172723,0.002370275,0.001529597,0.00149454,-0.001864585,0.000481164,-0.001245371,0.001864882,8.82E-05,-0.000594519,-0.00065514,0.001126055,-0.001231985,0.000544603,-0.000555112,0.000297354,-0.000105876,0.000138698,6.61E-05,-0.000380919,-0.000463251,0.000132461,6.63E-05,0.000165983,0.000564361,-0.000259226,-7.16E-05,0.000360588,-4.40E-05,0.000109527,4.23E-06,-0.000300949,0.000118921,-3.64E-05,5.65E-06,0.000124725,0.000137917,3.36E-05,-2.39E-05,5.68E-05,5.62E-05,-4.17E-05,5.30E-05,5.26E-05,1.48E-05,1.27E-05,-1.56E-05
Orcaella_heinsohni_mask,Vulnerable,0.2425,0.003528672,-0.001733535,0.000697446,-0.001925653,0.00065915,-0.002974821,0.001707925,0.001283171,0.001835755,0.000927383,0.000396836,0.000408075,-0.000120764,-0.000539688,-4.49E-06,-4.83E-05,-0.000689655,0.00076765,-0.000162257,0.00043755,-0.000291479,-0.000538029,0.00068519,0.000682658,-3.05E-05,0.000382014,0.000148207,-5.66E-05,-0.000345928,-0.000110708,0.000210608,-0.000290706,-4.12E-06,0.000255785,3.20E-05,-0.00012996,-5.49E-05,4.62E-05,-0.000166605,-3.24E-05,-1.43E-05,-0.000136656,9.64E-06,-2.07E-05,1.83E-05,3.00E-05,8.70E-06,-1.82E-05
Orcinus_orca_mask,Least Concern,0.060625,-0.012443459,0.014617411,-0.008546243,-0.006242217,0.000540664,-0.000160738,-0.006240903,0.001604184,-0.000889972,-0.000634244,-0.003750367,-0.000577064,0.002352512,0.000227789,-0.000430045,-0.000284771,0.001066256,-0.000271115,-3.65E-06,-0.000906294,-0.000674881,-0.000577459,0.000276553,9.78E-05,-0.000276888,0.000139853,5.65E-06,5.45E-06,7.33E-05,-0.000160554,-0.000128324,-0.000164752,-1.79E-05,5.87E-05,-7.45E-05,-3.72E-05,8.67E-05,-2.80E-05,-0.000118209,-3.97E-05,-2.64E-05,-1.72E-05,4.13E-05,-1.64E-05,-6.50E-05,1.74E-05,-1.62E-06,-3.02E-06
Peponocephala_electra_mask,Least Concern,0.060625,-0.014378795,0.000807658,0.004381916,0.001791757,-0.000925179,0.000300626,0.004224593,0.001517683,-0.001640447,-0.00092036,-0.000140494,0.000507957,0.000325075,-0.001078626,-0.000805036,0.000251626,0.000375594,-0.000242892,0.000385259,-0.001158326,1.58E-07,0.000470557,7.30E-05,-0.000166443,-0.000393492,-0.000460067,0.000231656,0.000244807,-0.000124431,-0.000258764,7.21E-07,9.94E-05,-0.000524123,0.00019472,0.00012609,-0.000209985,-7.22E-05,-0.000232288,-4.49E-05,0.000105089,-6.58E-05,3.32E-05,-6.05E-05,-3.09E-05,3.73E-05,-4.50E-06,-4.77E-05,-9.27E-06
Phocoena_dioptrica_mask,Least Concern,0.060625,0.00622341,0.00310756,-0.003026062,-0.005054426,0.001432564,-0.003046108,0.001172346,0.00111963,0.001800287,-0.00057046,0.00151855,0.000477634,-0.000288872,0.000132948,0.001666459,0.00041501,-5.58E-05,5.86E-05,-0.000183136,0.00025358,0.000259945,-0.000273969,-7.72E-05,9.07E-05,-0.000314955,-3.54E-05,-0.000164633,-0.000159796,3.06E-05,0.00024677,0.000106504,-0.000170187,-0.000121944,-4.13E-05,2.65E-05,2.65E-05,1.89E-05,-0.000113025,-0.000144117,-3.21E-05,-1.88E-05,0.000112555,3.68E-05,3.55E-05,-1.30E-05,-2.11E-05,-8.57E-06,-3.97E-06
Phocoena_phocoena_mask,Least Concern,0.060625,0.005639811,0.003178991,-0.002787215,-0.004686488,0.001500977,-0.003091062,0.001128352,0.000819402,0.001715449,-0.000679698,0.001622692,0.000494784,-5.16E-05,-0.000303676,0.00169098,0.000273286,0.000286905,0.000107116,-0.00014597,0.000297473,0.000304271,0.000104535,-0.000136238,4.27E-05,-0.000242365,-2.57E-05,-0.000169972,-0.000146093,-1.15E-05,0.000268691,0.00017611,-4.11E-05,-9.57E-05,-6.60E-06,0.000126961,4.96E-07,1.74E-05,-0.000146214,-0.000165517,5.50E-05,-2.04E-05,6.82E-05,4.06E-06,1.40E-05,-3.97E-05,-1.61E-05,-2.27E-07,2.77E-06
Phocoena_sinus_mask,Critically Endangered,0.97,0.001319543,0.007269343,-0.002999227,-0.005255519,0.000377158,-0.003114841,-0.000679932,0.001139289,0.000954966,-0.001099804,0.000789134,0.000791001,-0.000499273,-0.000332689,0.000610323,0.000970123,0.000724132,0.001056203,6.32E-05,0.0004621,9.93E-06,0.001226979,-0.000292623,-0.000324963,-0.000189564,9.38E-05,0.000542503,0.000139038,0.000379438,-0.00028286,-0.000114484,-0.000281405,-7.48E-05,-9.55E-05,-0.000179521,-9.58E-05,-0.000174873,-3.34E-05,0.000294081,3.50E-05,-3.23E-06,-4.77E-05,8.13E-05,2.19E-05,2.90E-06,4.04E-05,4.42E-06,8.15E-06
Phocoena_spinipinnis_mask,Near Threatened,0.12125,-0.000443063,-0.003223127,-0.003363889,0.002002099,-0.000949972,0.000116513,0.000826179,-0.002210137,0.001125354,-0.000976273,-0.001292453,0.001878082,0.000321439,0.000310983,0.001277363,-0.001085894,-0.000266283,0.000811934,-0.001055554,0.000201212,-0.000311285,-0.000550786,-0.000397679,0.000119918,0.00064957,0.000219578,0.000218434,0.000312307,0.000267045,0.000125423,-0.000439101,0.000104727,0.000189827,0.000135669,0.000133414,-4.68E-05,-8.01E-05,-0.000167889,4.74E-05,1.58E-05,-0.000149805,2.59E-05,-0.000145698,-8.80E-05,3.16E-06,-4.99E-05,4.89E-07,1.93E-05
Phocoenoides_dalli_mask,Least Concern,0.060625,-0.005265279,0.005132283,-0.005228527,-0.001704715,0.002346756,0.000638977,0.00058647,-0.004047096,-0.002629625,0.001835217,-8.01E-05,-0.000370394,-0.000256266,0.001027439,0.000607643,0.0007357,-0.000444838,0.00170638,0.000729745,-0.000801979,0.000273297,-0.000212862,7.84E-05,0.000111108,0.000134645,-0.000308667,-3.46E-05,-0.000591417,3.48E-05,0.000174999,0.000282229,0.000121727,2.11E-05,0.000144928,0.00037974,8.69E-06,-4.11E-05,8.14E-05,6.18E-05,-8.77E-05,-0.000187707,1.76E-05,1.53E-06,-1.59E-05,2.47E-06,4.17E-05,-1.06E-05,1.76E-05
Physeter_macrocephalus_mask,Least Concern,0.060625,0.01225065,0.000470682,0.000483238,-0.003076856,0.000418074,0.000675813,0.002564294,0.003249654,-0.001726281,-0.001901675,0.000338512,-0.001461541,0.001056986,-0.001069594,0.001927486,9.83E-05,-0.000672852,0.000380622,0.001182836,-7.82E-05,-0.000346181,5.03E-05,3.15E-05,0.000233165,-4.71E-05,0.000121875,-0.000480198,0.000132383,-0.000223171,-6.27E-05,-0.000323588,0.000166902,0.000447838,0.000185342,2.56E-05,5.60E-05,0.000123388,0.00016285,6.29E-05,9.11E-05,-1.69E-08,-8.96E-06,2.12E-05,-2.47E-05,-4.19E-05,2.23E-05,-2.73E-05,-3.14E-06
Pontoporia_blainvillei_mask,Near Threatened,0.12125,-0.001279671,-0.00388381,0.003078831,0.003262053,4.66E-05,-0.001473008,-0.001100715,0.000207951,5.26E-06,0.003158175,-0.001227983,-0.000681338,0.000813075,0.000604463,0.001059389,-0.00022373,0.002267391,-0.000551082,-0.000354424,-0.000308971,0.000981742,-0.000198854,-0.000302591,0.000153046,3.89E-05,0.000176051,-0.00014322,0.000528288,-0.000356872,0.000296099,0.000162307,0.000133342,0.000223089,3.02E-05,-6.31E-06,3.76E-05,-0.000171668,1.14E-05,0.000189822,7.70E-05,9.66E-06,5.92E-05,7.48E-05,2.19E-06,3.90E-06,-1.25E-05,-1.39E-05,-1.12E-06
Pseudorca_crassidens_mask,Data Deficient,Data Deficient,-0.004374788,-0.000365835,0.000681141,0.001649632,0.003855036,-0.002285446,-0.000320565,-0.001698652,-0.002873053,-0.000877917,-0.000527049,-0.001698641,0.000925634,-0.000281858,0.000853665,-0.00046159,-0.000708334,0.000184304,-0.000415133,0.000521214,4.98E-05,0.000190084,0.000862252,0.000231936,-0.000441296,2.93E-05,0.000125451,0.000182909,-7.30E-05,0.000347162,0.000131152,-0.000169882,6.23E-05,-0.000174023,-7.03E-05,4.23E-05,-0.000284454,-7.25E-05,4.83E-05,2.62E-05,0.000144499,8.14E-06,-6.74E-05,-9.63E-05,3.05E-05,1.67E-05,-2.70E-06,-2.31E-05
Sotalia_guianensis_mask,Vulnerable,0.2425,-0.005188227,0.00241191,0.004257951,-0.001430132,-0.003480647,-0.000506504,0.000300868,0.000906148,0.000940685,0.001830178,-0.000488868,0.000944673,-0.000368904,-0.000140889,-0.000321106,0.00087349,-0.000216599,0.000365884,9.80E-05,-0.000186671,0.000150832,-0.00020353,-8.11E-05,8.40E-05,-0.000252166,-0.000389889,-0.000297752,0.000288521,0.000383558,0.000102485,-0.000484434,-7.01E-05,5.49E-05,8.35E-05,3.04E-05,0.000321168,4.97E-05,2.77E-05,-7.08E-05,-8.62E-05,5.08E-05,0.000118398,8.66E-06,-0.000121553,4.42E-05,-3.42E-06,1.37E-05,-1.57E-05
Sousa_chinensis_mask,Critically Endangered,0.97,-0.006638716,-0.004260519,-0.002049317,0.00084128,-0.001492262,-0.001065845,-0.000728846,0.001156811,0.001040513,0.002638586,-0.001763589,-0.000625152,-0.000577082,0.000682913,0.000798364,0.001181212,-0.000991485,-9.08E-05,0.000316649,-0.000301124,2.35E-05,0.000191349,-0.000431933,0.000242263,-0.000100563,0.000113597,3.14E-05,0.000136266,-0.000282658,-0.000284442,0.000155017,-0.0002565,0.000260951,-0.00032791,-1.60E-05,2.20E-05,5.98E-05,-4.07E-05,3.99E-05,8.03E-05,-8.55E-05,4.88E-05,-3.11E-05,2.92E-05,-2.41E-05,-1.21E-06,-4.80E-06,-2.08E-05
Sousa_teuszii_mask,Least Concern,0.060625,0.002496751,0.000855582,-2.71E-05,-0.002922346,0.001783887,-0.002824018,0.000348176,0.00025543,0.000339839,0.001996463,-0.001136317,0.001106172,-0.00011541,0.000649638,0.000206347,-0.000291179,0.00061667,0.00043783,-0.000460322,0.000401784,0.000267174,0.000309693,-0.000228854,-0.000500172,-0.000216933,0.000555418,-0.000256241,-0.000132528,-0.000162066,-8.19E-05,-0.000339222,0.000292484,-0.000519524,-1.93E-05,4.05E-05,3.62E-05,-6.03E-05,0.000191292,-0.000122417,2.43E-05,-3.34E-05,-3.70E-05,3.65E-05,1.71E-05,-5.95E-05,3.55E-05,-8.41E-06,1.05E-05
Stenella_attenuata_mask,Least Concern,0.060625,-0.008372085,0.002783068,0.004851028,0.004206181,0.000463376,-0.000793356,-0.001641008,0.000450499,-0.0014298,0.000837015,0.000728227,-0.000297536,-4.28E-06,-0.001150281,0.001192216,-0.001077206,-0.000412592,-0.000556247,0.000150428,0.000572815,0.000388803,0.000432182,9.81E-05,-0.000481778,0.000403922,-0.000234973,-0.000185488,0.000172852,-0.000139961,-0.000532845,0.000188514,-0.000276661,-5.38E-05,4.53E-06,0.000231174,-0.000136508,0.000169134,1.07E-05,-6.58E-06,-0.000191463,-6.75E-05,1.93E-05,6.63E-06,-1.23E-05,3.06E-07,-1.06E-05,1.97E-05,1.94E-05
Stenella_clymene_mask,Least Concern,0.060625,-0.00921805,0.005631969,0.005096329,0.001392982,-0.003375753,0.000950362,-0.003266081,-0.000532994,-0.00054652,0.000143922,0.002106307,0.000101753,-0.000245005,-0.000754107,0.000402238,0.000156576,0.000168158,1.32E-05,0.000384625,0.000242629,0.000663701,-0.000600779,-1.90E-05,4.05E-05,0.000550777,-0.000447207,-1.57E-05,-0.000320976,-0.000241009,-0.000185686,-0.00022373,-0.000196292,-0.000349182,0.000274964,-6.97E-05,0.000214066,-6.39E-05,5.69E-05,1.70E-05,9.08E-05,0.000115633,-1.07E-05,2.03E-05,-3.72E-05,-3.62E-05,4.74E-05,-1.29E-05,5.32E-06
Stenella_coeruleoalba_mask,Least Concern,0.060625,0.001610619,0.003598521,-0.000386805,0.001398502,6.23E-05,-0.001500563,-0.000995858,0.001303589,0.000796336,0.000996012,0.000125366,-0.001349842,-0.001470303,-0.001372082,-0.000690241,-0.00037584,-9.74E-05,0.000199093,-0.001395715,-3.49E-05,-0.000521157,9.71E-06,-1.81E-05,0.000170818,-0.000600379,-0.000124707,-3.10E-05,-0.000182052,9.95E-05,-0.000255315,-0.000170384,0.000247242,0.000259421,6.43E-05,1.69E-06,1.65E-05,-4.94E-05,9.98E-05,-2.40E-05,1.06E-05,3.87E-05,0.000136116,-4.69E-05,2.81E-05,4.78E-05,4.20E-05,-2.01E-05,3.51E-05
Stenella_frontalis_mask,Least Concern,0.060625,-0.006516018,0.005265189,-0.000463822,0.003666857,-0.002785961,0.000344487,-0.001207399,8.55E-05,-6.46E-05,0.001036389,0.000687212,0.000887949,-0.000575459,-0.000848368,0.000542777,0.000147039,0.000783473,0.000109702,0.000310241,0.000530286,8.29E-06,-6.37E-05,-0.000263024,0.000493401,-0.000700675,-0.000314147,0.000142091,5.09E-07,0.000312737,2.66E-05,-7.75E-05,0.000160858,-4.77E-05,-0.000136668,3.01E-05,-4.84E-05,0.000116641,0.000105438,3.88E-05,7.16E-05,-1.86E-05,8.53E-06,-3.76E-05,-1.36E-06,-9.46E-06,-4.44E-05,9.63E-06,-1.79E-05
Stenella_longirostris_mask,Least Concern,0.060625,0.003012158,0.007848543,0.003742676,0.001472342,0.003121451,0.000827717,-0.003192864,-0.001856958,-0.000339472,-0.000603558,0.001706415,-0.001957114,-0.000714621,-0.000321279,0.000855203,2.11E-05,0.000227263,-0.000228401,-0.000996611,-1.37E-05,-0.000431842,-0.000233402,-0.000312197,-0.000109357,9.82E-06,-0.00056174,3.00E-05,-8.45E-05,0.000217654,-1.18E-05,0.0003866,0.000206853,-4.97E-05,-0.000114864,4.65E-05,-0.000102365,-7.71E-05,0.000101567,-6.76E-05,-5.01E-06,-6.79E-05,9.01E-06,4.73E-05,-9.24E-05,2.01E-05,1.31E-06,1.19E-05,-2.38E-05
Steno_bredanensis_mask,Least Concern,0.060625,-0.01357835,-0.000300212,0.005342751,0.001130338,-0.003066492,-9.33E-05,0.001721056,0.004312769,-0.001920153,0.000531241,-0.001880797,0.000335049,-5.68E-05,-0.001032345,1.12E-05,0.000463561,-0.001304208,-0.000804223,6.80E-05,0.000241025,-1.36E-05,-0.000415449,-0.000218527,4.66E-05,8.16E-06,6.72E-05,0.000358052,-0.000104433,0.000177338,0.000295135,0.000205268,-7.29E-06,8.00E-05,9.72E-05,0.000140502,0.000107838,-0.000261044,4.56E-05,-8.21E-05,-2.27E-05,8.70E-06,6.20E-05,4.19E-05,8.03E-05,-7.21E-06,1.36E-05,3.74E-05,2.55E-05
Tasmacetus_shepherdi_mask,Least Concern,0.060625,0.008022266,0.000710441,0.003011373,-0.000971876,-0.001551314,2.72E-05,0.001998111,0.001440028,0.000151021,0.000367912,-0.000327496,0.000334371,-0.001510342,0.000379345,-0.000899902,0.000108127,0.000979408,-0.000456987,8.74E-05,-0.000143221,6.91E-05,-0.000467551,0.00051651,-6.24E-05,0.000113377,-0.000219908,-0.000139264,-0.000140412,7.32E-05,0.000345517,-9.49E-05,-0.00033432,5.39E-05,-0.000250162,0.000100563,-4.75E-05,-6.97E-05,2.81E-05,-5.11E-05,-0.000159032,-4.82E-05,-4.69E-05,-9.81E-05,1.81E-05,-0.00012074,-1.03E-06,-1.28E-05,6.13E-06
Tursiops_aduncus_mask,Near Threatened,0.12125,-0.01093862,-0.003688619,-0.00554842,0.006212126,3.81E-05,0.0010589,0.002069956,0.001173375,0.001803633,-0.000225684,-0.00058189,-0.000563167,0.001647534,0.000867662,0.000583512,0.000806188,0.000204795,-0.000242543,0.000366667,0.000495996,-0.000199778,0.000367359,-0.000451816,-0.000173278,0.000793249,-0.000365547,0.00058768,0.000131225,9.27E-05,0.000149429,0.000125087,6.02E-05,5.45E-05,0.000159475,-0.000226091,-0.000110732,5.91E-06,8.99E-05,-0.000249603,-9.66E-05,-1.63E-05,1.12E-05,0.000153146,-3.17E-05,1.65E-05,-2.78E-06,-1.53E-05,-4.65E-06
Tursiops_truncatus_mask,Vulnerable,0.2425,0.001103106,0.00633052,0.003855827,-0.006420721,0.003336285,-0.001309325,-0.00182155,-0.001040487,0.000423428,-0.001425489,-0.000110346,0.004098239,0.002429175,-0.001538661,-0.001146932,0.001048653,-0.000470328,-0.001108357,-0.00015234,0.00038811,0.00052319,0.000321457,-2.78E-05,0.000284449,0.00043379,-0.000102086,-0.000169642,-0.000228584,-0.000150877,6.87E-05,1.91E-05,0.000315513,0.000209232,-0.000113567,0.000221042,-0.000124046,-2.82E-05,0.000110738,0.000122194,-4.00E-05,2.84E-05,2.76E-05,-6.68E-06,-2.23E-05,-3.67E-05,-3.96E-05,-1.42E-07,-4.10E-06
Ziphius_cavirostris_mask,Near Threatened,0.12125,0.001298059,0.000739624,0.001250323,0.000153686,-0.001357644,0.000845262,0.002278873,-0.00183174,4.28E-05,-0.000148518,-0.001902087,0.001317865,-0.000960381,0.000330112,0.000128347,-0.000702302,5.20E-05,7.24E-05,-0.000283859,5.82E-06,0.000150536,0.000333096,0.000365098,0.000199006,-8.76E-05,8.05E-05,0.000174424,-2.32E-05,-7.41E-05,-0.000152582,0.000117514,-0.000212805,3.93E-05,0.000144306,4.97E-05,-4.99E-05,-4.22E-07,4.91E-06,8.41E-05,-0.000152226,0.000146444,2.39E-05,8.60E-05,-3.13E-05,-6.74E-05,6.18E-06,-4.57E-05,4.21E-06
,,,,,,,,,,,,,,,,,,,,,,,,,,,,,,,,,,,,,,,,,,,,,,,,,,
,,,,,,,,,,,,,,,,,,,,,,,,,,,,,,,,,,,,,,,,,,,,,,,,,,
,,,,,,,,,,,,,,,,,,,,,,,,,,,,,,,,,,,,,,,,,,,,,,,,,,
,,Critically Endangered,,3,,,,,,,,,,,,,,,,,,,,,,,,,,,,,,,,,,,,,,,,,,,,,,
,,Endangered,,6,,0.1875,,,,,,,,,,,,,,,,,,,,,,,,,,,,,,,,,,,,,,,,,,,,
,,Vulnerable,,6,,,,,,,,,,,,,,,,,,,,,,,,,,,,,,,,,,,,,,,,,,,,,,
,,Near Threatened,,9,,,,,,,,,,,,,,,,,,,,,,,,,,,,,,,,,,,,,,,,,,,,,,
,,Least Concern,,49,,,,,,,,,,,,,,,,,,,,,,,,,,,,,,,,,,,,,,,,,,,,,,
,,Data Deficient,,7,,,,,,,,,,,,,,,,,,,,,,,,,,,,,,,,,,,,,,,,,,,,,,